Year,Month,GT8134017,GT8134022,GT8134027,GT8134028,GT8153030,GT8153031,GT8172035,GT8172037
1982,Jan,8.31,6.13,10.93,2.92,4.83,4.64,3.63,5.12
,Feb,8.83,6.36,11.27,3.05,6.46,6.72,3.89,5.52
,Mar,9.19,6.6,11.49,3.18,7.02,6.61,4.13,5.91
,Apr,9.26,6.72,11.29,3.15,8.1,4.91,4.43,6.24
,May,9.12,6.77,11.21,3.2,7.42,6.14,4.67,6.44
,Jun,8.27,6.89,9.27,2.45,5.79,5.33,4.47,6.22
,Jul,6.84,6.59,7.17,2,4.91,4.45,3.93,5.03
,Aug,4.36,5.01,3.52,1.09,3.89,3.63,3.42,3.2
,Sep,2.37,3.55,2.32,1.06,3.55,2.99,3.1,2.07
,Oct,3.78,4.38,6.22,4.29,4.23,3.77,3.72,3.95
,Nov,5.4,5.18,7.99,7.11,4.59,3.98,3.76,4.98
,Dec,6.7,5.61,8.99,8.52,4.65,4.02,4.27,5.61
1983,Jan,7.93,5.91,10.14,9.22,6.04,5.01,4.5,6.32
,Feb,8.43,6.16,10.57,9.93,7.93,6.82,4.9,6.85
,Mar,8.92,6.38,11.05,10.35,8.94,6.98,5.55,7.44
,Apr,9.2,6.6,10.89,10.4,9.47,7.06,6.08,7.79
,May,8.89,6.67,10.45,9.34,7.49,7.15,6.06,7.75
,Jun,8.63,7.33,10.07,9.07,6.3,6.1,6.06,7.62
,Jul,6.63,6.28,7.47,6.39,6.05,5.6,5.71,6.1
,Aug,4.63,5.09,4.12,4,4.74,4.53,4.64,4.27
,Sep,2.95,3.8,2.84,1.9,3.64,3.54,5.17,2.64
,Oct,2.1,2.44,3.78,2.66,2.58,2.61,2.8,2.52
,Nov,3.79,4.58,6.9,5.71,2.83,2.77,3.06,3.94
,Dec,5.1,5.58,8.4,7.01,3.37,3.2,3.57,5.02
1984,Jan,6.74,6.16,9.32,8.21,3.87,3.66,3.33,5.78
,Feb,7.81,6.51,10.02,9.06,5,4.65,4.08,6.52
,Mar,8.31,6.74,10.42,9.7,6.69,6.86,4.48,7.04
,Apr,8.78,6.98,10.79,10.09,7.77,7.43,5.31,7.69
,May,8.76,7.14,10.45,9.55,6.84,6.78,5.84,7.8
,Jun,7.38,7.35,7.93,7.17,5.53,5.33,4.71,6.81
,Jul,5.1,5.43,4.22,3.92,4.13,4.06,3.53,3.67
,Aug,3.48,3.87,3.03,2.92,3.23,3.07,2.85,2.33
,Sep,1.61,2.08,1.75,1.59,2.69,2.4,2.43,1.51
,Oct,2.3,3.15,5.31,4.36,2.54,2.23,2.54,2.86
,Nov,3.89,4.97,7.64,5.45,3.13,2.68,3.22,4.22
,Dec,5.75,5.75,8.94,8,3.84,3.3,3.69,5.17
1985,Jan,5.42,5.93,9.7,8.71,4.9,3.94,3.97,5.84
,Feb,5.91,6.2,10.29,9.31,6.22,5.43,4.39,6.5
,Mar,7.18,6.4,10.68,9.79,7.46,6.74,4.77,7.19
,Apr,7.74,6.64,11.36,10.14,8.32,7.53,5.31,7.73
,May,7.62,6.76,10.77,9.8,6.81,6.27,5.31,7.44
,Jun,7.36,6.73,10.37,9.83,5.6,4.96,5.04,7.04
,Jul,4.59,6.37,5.96,5.66,4.33,3.76,3.66,4.62
,Aug,1.94,3.91,2.78,2.71,3.21,2.72,2.78,2.47
,Sep,1.12,2.53,2.54,2.36,3.11,2.25,2.1,1.97
,Oct,1.22,2.56,2.89,2.7,2.43,2.09,2.27,2.12
,Nov,2.38,3.28,5.26,3.99,2.78,2.41,2.81,3.11
,Dec,4.18,5.03,7.77,6.61,3.51,2.96,3.24,4.45
1986,Jan,5.72,5.68,9.1,8.03,4.25,3.57,3.5,5.37
,Feb,6.63,6.02,10.08,9.24,6.02,4.6,3.86,6.2
,Mar,7.16,6.28,10.49,9.68,7.56,5.54,4.47,6.83
,Apr,7.71,6.52,10.95,10.19,8.66,6.19,5.16,7.43
,May,7.61,6.55,10.7,9.86,6.59,6.06,4.97,7.2
,Jun,7.18,6.59,9.73,9.79,5.77,5.18,5.2,7.06
,Jul,3.66,6.2,4.19,4.22,4.92,4.35,4.46,4.47
,Aug,1.41,3.25,2.8,2.64,4.06,3.69,3.82,2.79
,Sep,1.33,2.45,3.56,2.96,3.68,2.99,3.39,3.04
,Oct,1.52,2.19,5.07,3.72,1.99,1.92,2.38,2.63
,Nov,2.62,4.01,7.05,5.75,2.57,2.14,2.38,3.85
,Dec,4.51,5.25,8.37,7.15,3.22,2.63,2.86,4.84
1987,Jan,5.26,5.67,9.2,8.14,4.1,3.16,3.31,5.47
,Feb,5.87,5.88,10.19,9.62,5.74,4.02,3.51,6.42
,Mar,7.22,6.11,10.8,10.16,7.35,5.55,3.97,6.96
,Apr,7.71,6.29,10.94,10.89,8.54,6.65,4.61,7.45
,May,7.75,6.4,10.61,9.91,6.42,5.79,5.04,7.28
,Jun,7.36,6.53,8.46,9.38,5.78,4.93,4.96,6.78
,Jul,5.75,6.24,4.31,6.14,4.85,4.19,4.12,4.78
,Aug,2.04,2.95,1.97,2.68,2.7,2.51,2.28,2.12
,Sep,0.14,1.28,2.96,1.34,2.35,1.88,1.77,1.44
,Oct,1.83,2.48,5.9,4.28,2.84,2.18,2.31,2.89
,Nov,4.02,4.49,8.07,5.95,3.61,2.88,2.96,4.02
,Dec,5.61,5.46,9.48,7.76,4.3,3.51,3.36,5.09
1988,Jan,6.72,5.79,10.27,9.08,6.11,4.49,3.66,5.87
,Feb,7.49,6.03,10.97,10.01,7.71,6.14,4.05,6.74
,Mar,7.74,6.25,11.08,10.06,7.5,6.08,4.31,7.08
,Apr,8.02,6.4,11.45,10.14,8.71,7.12,4.94,7.22
,May,7.45,6.49,10.6,9.29,6.85,6.05,4.78,6.96
,Jun,6.36,6.27,9.34,7.96,5.71,4.72,4.21,5.85
,Jul,2.79,4.68,5.31,4.39,3.39,3,2.37,2.86
,Aug,0.8,2.71,2.49,1.89,2.67,2.34,1.97,1.72
,Sep,0.87,1.86,3.34,2.6,2.34,1.99,1.91,1.94
,Oct,2.5,3.51,6.11,4.57,2.93,2.24,2.39,3.31
,Nov,4.14,5.13,8.23,6.64,3.52,2.85,3.16,4.76
,Dec,5.32,5.6,9.34,7.75,3.87,3.11,3.18,5.16
1989,Jan,6.04,5.89,10.22,9.03,5.29,3.69,3.57,5.89
,Feb,7.26,6.19,11.3,10.31,8.01,6.18,3.87,6.91
,Mar,8.01,6.42,11.92,11.09,9.21,7.23,4.64,7.73
,Apr,8.88,6.68,12.19,11.4,10.26,8.09,6.38,8.45
,May,8.28,7.44,11.62,8.68,9.11,8.3,5.74,8.36
,Jun,6.31,6.52,9.15,7.84,6.12,5.13,3.91,5.92
,Jul,3.97,5.89,5.69,5.33,4.37,3.76,2.98,3.86
,Aug,3.06,3.94,4.19,3.56,3.8,3.59,3.1,2.83
,Sep,2.55,3.06,4.03,3,3.49,3.46,2.68,2.73
,Oct,2.28,2.85,5.35,4.21,3.07,2.95,2.32,2.85
,Nov,3.25,4.85,8.22,6.13,3.68,3.35,2.85,4.22
,Dec,4.87,5.65,8.35,7.77,4.2,3.92,3.27,5.09
1990,Jan,6.49,6.1,10.65,8.63,4.73,4.41,3.57,5.82
,Feb,7.6,6.44,11.88,9.88,6.75,6.06,3.93,6.83
,Mar,8.02,6.66,11.8,10.64,7.3,6.97,4.3,7.33
,Apr,8.27,6.75,11.97,10.84,8.28,7.37,5.36,7.6
,May,7.89,6.86,11.03,10.36,6.19,5.46,4.1,6.77
,Jun,6.5,6.8,9.34,8.05,4.83,4.26,3.37,5.67
,Jul,3.9,5.41,4.78,4.51,3.92,3.46,2.54,3.16
,Aug,1.52,2.94,3.02,2.64,3.16,2.78,2.29,2.02
,Sep,1.78,2.63,3.91,3.1,3.23,2.77,2.32,2.48
,Oct,1.92,2.32,4.9,3.77,2.7,2.42,2.05,2.61
,Nov,3.86,4.53,7.73,6.13,3.09,2.71,2.48,3.79
,Dec,5.38,5.52,9.16,7.77,3.71,3.4,3.24,4.79
1991,Jan,6.49,5.89,10.26,8.63,4.44,3.91,3.48,5.46
,Feb,7.47,6.16,11.34,9.88,6.22,5.53,3.6,6.15
,Mar,7.97,6.4,11.65,10.64,7.72,7.37,4.16,6.95
,Apr,8.26,6.61,11.68,10.84,8.84,7.89,5.26,7.68
,May,8.22,6.79,10.92,10.36,7.51,6.91,5.93,7.68
,Jun,6.94,6.66,8.17,8.05,5.56,4.9,4.19,6.65
,Jul,4.46,5.91,5.18,5.07,3.98,3.49,3.02,4.54
,Aug,2.29,4.7,3.03,3.25,2.97,2.85,2.63,3.14
,Sep,0.83,1.5,4.17,2.34,2.33,2.21,2.06,2.25
,Oct,2.51,2.79,7.68,4.89,2.52,2.17,1.91,3.09
,Nov,4.26,5.09,8.71,6.63,3.24,2.81,2.5,4.12
,Dec,5.3,5.69,9.38,7.58,4.01,3.51,2.75,4.92
1992,Jan,6.29,6.01,9.77,8.35,4.67,3.83,3.1,5.19
,Feb,7.01,6.28,10.76,9.43,6.04,5.71,3.33,5.91
,Mar,7.99,6.43,11.74,10.63,8.47,7.79,3.8,6.93
,Apr,8.76,6.69,12.23,11.53,10.28,9.58,4.99,8
,May,8.59,6.89,11.95,11.04,8.44,7.42,4.89,7.79
,Jun,8.71,7.11,11.73,11.06,7.52,6.53,5.08,7.54
,Jul,6.8,7.22,8.16,7.89,6.49,5.6,3.96,6.25
,Aug,4.03,5.93,5.02,4.44,4.73,4.46,3.58,3.85
,Sep,3.28,4.19,4.54,4.09,4.28,4.04,3.14,3.45
,Oct,3.96,4.34,6.53,6,3.93,3.79,3.43,4.13
,Nov,5.32,5.3,8.5,6.11,4.19,4.31,3.95,5.12
,Dec,6.34,6.19,10,8.57,4.69,4.96,4.2,6.19
1993,Jan,7.06,6.8,10.95,9.92,5.68,5.55,4.58,7
,Feb,8.1,7.11,11.89,10.59,7.82,7.42,6.26,7.92
,Mar,8.84,7.4,12.27,11.31,8.89,8.62,7.81,9.72
,Apr,9.16,7.52,12.37,11.5,8.62,8.48,7.69,9.63
,May,9.06,7.62,11.55,10.89,7.3,7.26,6.6,8.77
,Jun,8.41,7.62,10.7,10.16,6.45,6.3,5.27,7.53
,Jul,6.08,6.39,7.16,6.84,5,4.79,3.89,5.04
,Aug,4.44,4.38,4.81,4.46,4.03,3.89,2.79,3.54
,Sep,3.43,2.65,3.34,2.93,3.45,3.23,2.27,2.36
,Oct,2.97,2.98,4.8,3.78,3.22,2.95,2.25,2.49
,Nov,3.32,5.16,7.57,6.11,3.52,3.1,2.59,3.84
,Dec,5.57,6.47,9.26,7.72,4,3.71,3.24,4.81
1994,Jan,6.73,7.02,10.48,9.05,4.98,4.53,3.82,5.73
,Feb,7.47,7.37,11.31,9.95,7.13,6.31,5.22,6.44
,Mar,8.01,7.67,12.17,11,9.25,6.89,6.32,7.2
,Apr,8.58,7.81,12.28,11.39,10.25,7.19,7.24,8.3
,May,8.83,7.46,12.02,11.26,7.33,7.48,5.91,8.43
,Jun,7.84,7.84,9.01,9.62,6.65,5.81,4.54,7.16
,Jul,5.08,5.86,5.55,6.36,5.7,5.05,3.38,4.9
,Aug,2.77,3.18,3.32,3.5,6.26,5.71,4.21,3.56
,Sep,2.18,2.66,4.74,3.3,6.11,4.81,3.26,2.87
,Oct,3.59,4.5,6.57,5.24,4.67,4.27,2.9,3.59
,Nov,5.27,6.02,8.9,7.55,4.77,4.72,3.34,4.8
,Dec,6.18,6.8,9.75,8.35,5.39,5.41,3.98,5.53
1995,Jan,7.17,7.27,10.8,9.6,9.87,6.17,5.01,6.42
,Feb,8.1,7.67,11.53,10.62,10.34,8.98,6.73,7.15
,Mar,8.57,7.88,11.88,11.04,11.19,10.55,7.07,7.68
,Apr,9.11,8.09,12.61,11.82,12.39,11.75,8.67,8.8
,May,8.52,8.18,11.94,11.44,11.14,10.04,7.75,9.07
,Jun,7.42,7.62,9.08,8.75,9.78,8.35,6.26,7.67
,Jul,5.13,5.61,5.8,5.85,7.54,6.8,4.75,5.14
,Aug,3.28,3.62,4.11,3.67,4.98,4.65,2.98,3.1
,Sep,2.14,2.62,3.5,3.15,4.12,3.84,2.33,2.44
,Oct,2.42,3.67,5.59,4.78,2.71,2.62,2.04,3
,Nov,4.28,5.35,7.33,6.5,3.57,3.3,2.41,4.17
,Dec,5.08,6.28,8.66,7.33,4.09,3.8,3,4.85
1996,Jan,6.17,7.08,9.73,8.21,5.78,5.77,4.14,5.82
,Feb,7.34,7.54,10.68,9.75,9.34,9.23,6.03,7.24
,Mar,8.02,7.9,11.33,10.45,10.23,10.68,7.54,7.96
,Apr,8.76,8.07,11.96,10.97,11.32,11.51,8.84,8.69
,May,8.29,7.9,10.86,10.28,8.58,7.8,6.18,8.28
,Jun,7.8,7.95,10.32,10.09,8.01,7.01,5.24,7.21
,Jul,5.49,5.7,6.03,6.13,5.76,5.19,3.65,5.01
,Aug,2.79,3.06,3.59,4.15,4.57,4.23,2.86,3.39
,Sep,1.48,2.04,2.6,2.17,4.01,3.72,2.5,2.43
,Oct,2.5,3.28,5.05,4.22,3.65,3.47,2.5,3.06
,Nov,3.88,5.18,7.23,5.8,4.02,3.68,2.67,3.96
,Dec,5.24,6.37,8.61,7.27,4.62,4.57,3.43,4.93
1997,Jan,6.34,7.16,9.84,8.6,5.91,5.32,4.56,5.96
,Feb,7.5,7.71,10.78,9.62,9.03,8.34,6.25,6.91
,Mar,8.09,7.99,11.31,10.51,10.59,11.54,7.37,7.89
,Apr,8.27,8.28,11.31,10.65,11.26,11.83,7.87,8.82
,May,8.3,8.37,11.3,9.74,9.46,8.82,6.88,8.47
,Jun,8.13,8.31,10.65,8.9,9.17,7.59,5.74,7.97
,Jul,4.92,5.57,5.26,4.59,6.26,5.59,3.38,3.89
,Aug,2.39,2.99,3.63,3.01,4.56,3.88,1.89,2.56
,Sep,1.91,2.32,3.51,2.51,3.64,3.09,1.76,2.33
,Oct,3.32,4.36,6.38,0.91,3.65,2.95,2.2,3.51
,Nov,4.88,5.81,7.89,7.16,4.31,3.17,3,4.44
,Dec,5.58,6.11,7.78,6.81,4.58,4.54,3.45,4.75
1998,Jan,6.24,6.69,8.67,7.93,5.05,5.18,4.47,5.58
,Feb,7.47,7.77,10.19,9.62,7.75,7.7,5.88,6.55
,Mar,8.27,8.66,11.23,10.51,10.88,12.29,7.25,7.45
,Apr,8.97,8.88,11.2,10.65,10.29,11.01,7.4,7.13
,May,8.18,8.47,10.25,9.74,7.9,7.64,5.65,7.38
,Jun,7.63,7.66,9.78,8.9,7.08,6.43,5.13,6.87
,Jul,4.69,5.4,4.54,4.59,5.87,5.59,3.85,4.72
,Aug,1.64,1.81,2.35,3.01,4.04,3.88,2.53,2.07
,Sep,1.08,1.17,2.43,2.51,2.91,3.09,1.54,0.43
,Oct,2.19,3.43,4.29,0.91,3.07,2.95,1.62,2.2
,Nov,3.29,4.82,5.97,3.61,3.33,3.17,2.03,3.75
,Dec,4.97,6.47,7.78,5.91,3.94,3.86,3.16,5.11
1999,Jan,6.34,7.29,9.16,8.43,5.19,5.03,3.94,5.53
,Feb,7.42,8.09,10.11,9.54,9.36,10.78,7.22,7.05
,Mar,8.38,8.88,11.15,10.41,12.54,13.69,9.23,8.33
,Apr,8.96,9.6,11.41,10.53,13.2,14.46,10.15,9.4
,May,9,9.12,10.83,9.53,10.34,9.87,7.5,8.37
,Jun,7.28,7.79,9.08,6.76,9.27,8.23,5.4,7.11
,Jul,5.04,5.49,4.74,4.69,6.22,5.64,3.19,3.89
,Aug,1.93,3.66,2.87,2.56,4.58,4.24,2.33,2.71
,Sep,0.85,1.86,1.98,1.48,3.63,3.24,1.84,1.94
,Oct,1.33,2.71,3.44,2.9,3.33,2.76,1.43,2.4
,Nov,3.38,5.17,6.03,5.33,3.64,3.61,2.37,3.65
,Dec,4.66,7.22,7.8,7.02,4.38,4.4,3.38,5.01
2000,Jan,6.42,8.2,9.11,7.65,5.64,5.49,4.98,6.18
,Feb,6.95,8.98,9.84,8.78,8.62,9.67,6.04,6.68
,Mar,7.97,9.55,10.31,9.84,9.31,11.06,6.88,7.94
,Apr,8.32,9.74,10.63,10.48,10.61,12,8.12,8.67
,May,7.12,8.77,9.75,8.63,7.32,6.78,5.04,7.2
,Jun,4.84,6.75,6.71,5.71,5.77,5.04,3.33,5.13
,Jul,3.52,3.71,4.15,3.81,4.72,4.41,3.12,3.8
,Aug,2.31,2.78,3.2,2.79,4.29,3.99,2.89,3.1
,Sep,1.09,1.77,2.28,3.28,3.47,3.39,2.02,2.6
,Oct,1.95,4.59,5.38,4.5,3.37,3.28,1.99,3.35
,Nov,3.56,6.69,7.35,6.18,4.05,3.82,2.88,4.45
,Dec,5.1,7.81,8.41,7.31,4.8,4.9,3.77,5.55
2001,Jan,6.36,8.86,9.78,8.52,6.21,6.13,5.87,6.67
,Feb,7.85,9.9,10.73,9.96,10.53,11.94,8.12,7.84
,Mar,8.6,10.31,11.36,10.99,12.13,14.53,8.98,8.89
,Apr,9.28,10.48,11.57,11.28,12.97,15.42,9.66,9.94
,May,8.51,9.74,10.92,10.27,9.59,9.83,6.78,8.64
,Jun,6.87,7.85,8.8,8.15,7.7,7.42,4.32,6.43
,Jul,4.66,4.21,5.23,3.67,6.54,6.06,3.63,4.19
,Aug,3.05,2.88,3.73,3.73,5.76,5.38,3.13,2.88
,Sep,1.94,2.9,3.34,2.88,5.05,4.41,2.58,2.78
,Oct,2.93,4.13,4.79,3.77,4.15,3.83,2.22,3.13
,Nov,4.44,6.15,7.19,6.23,4.35,4.01,2.93,4.31
,Dec,5.81,7.16,8.43,8.01,4.86,4.99,3.93,5.33
2002,Jan,6.94,8.17,10.09,9.32,5.71,5.94,5.46,6.64
,Feb,7.68,8.58,10.44,10.73,9.59,9.87,7.55,7.52
,Mar,8.26,8.74,11.03,11.08,12.36,14.6,8.83,8.43
,Apr,8.58,8.82,10.98,10.64,11.66,14.07,9.14,8.49
,May,8.2,8.28,10.42,9.92,8.74,9.29,6.63,7.72
,Jun,7.45,6.96,9.36,8.84,7.96,7.88,4.87,6.37
,Jul,5.75,5.45,6.03,5.78,6.28,5.97,3.6,4.65
,Aug,2.93,3.44,3.97,3.94,5.16,4.82,2.81,3.07
,Sep,2.48,3.02,4.15,3.54,4.39,4.06,2.68,3.1
,Oct,3.37,5.16,5.65,4.83,3.97,3.62,2.73,3.68
,Nov,4.42,6.95,7.95,6.84,4.46,4.19,3.33,4.69
,Dec,6.24,8.02,9.24,8.16,5.06,5.18,4.35,5.86
2003,Jan,7.34,8.49,10.44,9.31,5.88,5.94,5.9,7.04
,Feb,8.31,8.61,10.88,10.02,7.84,8.1,6.83,7.92
,Mar,8.39,8.82,11.15,10.29,10.77,13.35,7.96,8.49
,Apr,8.79,8.88,11.55,11.11,11.34,13.78,8.18,8.71
,May,9.39,8.89,10.96,10.48,9.43,9.37,6.58,8.33
,Jun,8.17,8.54,9.8,9.36,8.51,9.08,6.08,7.71
,Jul,6.3,4.82,4.88,4.99,6.19,6.51,4.33,4.76
,Aug,4.55,3.29,4,4.13,5.23,5.28,3.63,3.78
,Sep,3.5,2.15,2.83,2.99,5.03,4.81,3.32,3.28
,Oct,3.69,3.61,4.52,3.99,4.55,4.29,2.9,3.08
,Nov,4.88,5.72,6.75,6.15,4.51,4.23,3.15,4.1
,Dec,6.22,6.64,8.33,7.52,5.1,5.35,4.14,5.4
2004,Jan,6.88,6.88,9.65,9,5.83,6.12,5.02,6.43
,Feb,7.89,7.2,10.14,9.75,9.53,10.42,7.43,7.54
,Mar,8.73,7.51,11.15,10.91,12.78,14.78,9.95,9.21
,Apr,9.05,7.69,11.24,10.95,13.71,15.27,10.45,10.7
,May,8.96,7.71,10.73,10.38,10.47,10.07,8.27,8.88
,Jun,7.74,7.44,9.19,8.96,8.86,8.75,5.86,7
,Jul,4.78,4.78,5.16,5.24,6.82,6.5,3.65,4.02
,Aug,4.02,3.7,4.45,4.36,5.34,5,2.96,3.21
,Sep,3.85,3.83,4.99,4.74,4.9,4.61,2.59,3.25
,Oct,4.1,4.32,5.37,4.5,3.93,3.73,2.61,3.37
,Nov,5.29,5.95,8.11,6.97,4.33,4.19,3.14,4.52
,Dec,6.6,6.29,9.94,8.62,5.06,5.42,4.38,5.95
2005,Jan,8.12,6.61,10.64,10.28,6.25,6.66,5.8,7.39
,Feb,8.16,7.1,11.38,11.05,10.66,12.66,7.82,8.46
,Mar,8.17,7.28,11.65,11.3,11.73,14.09,9.17,9.6
,Apr,8.68,7.44,11.84,11.36,12.16,13.94,8.05,9.45
,May,8.88,7.54,11.63,11.08,9.99,10.9,7.19,9.28
,Jun,9,7.72,11.46,11.08,10.33,12.05,7.68,9.79
,Jul,5.93,5.07,6.17,6.71,8.65,8.77,5.33,6.36
,Aug,4.44,3.39,4.3,4.33,6.46,6.2,3.68,3.7
,Sep,3.85,3.83,4.78,4.44,5.73,5.29,3.43,3.81
,Oct,4.1,4.81,5.74,4.87,4.39,4.25,3.2,3.98
,Nov,5.29,5.91,7.91,6.94,4.4,4.24,2.98,4.29
,Dec,6.6,6.44,9.53,8.55,4.95,5.34,3.98,6.04
2006,Jan,7.94,6.72,10.96,10.07,6.31,7.48,5.53,7.09
,Feb,9.39,7.14,11.97,11.46,10.76,13.46,9.24,8.83
,Mar,9.97,7.57,12.26,11.94,12.81,14.54,10.78,10
,Apr,10.15,7.67,12.74,12.06,13.41,15.42,11.1,10
,May,9.85,7.69,10.83,10.92,10.49,10.39,8.44,9.85
,Jun,8.83,7.22,8.92,8.6,8.43,7.92,6.38,7.6
,Jul,6.55,6.28,6.65,6.24,8.66,7.38,6.25,6.58
,Aug,5.01,4.35,5.07,5.18,7.71,7.6,6.45,5.48
,Sep,4.56,3.43,4.61,4.61,6.64,6.23,4.91,4.62
,Oct,5.12,4.9,6.51,5.88,5.65,5.54,3.81,4.51
,Nov,6.55,6.59,8.8,8.24,5.92,5.77,4.61,5.73
,Dec,7.94,7.16,10.03,9.39,6.2,6.36,5.23,6.68
2007,Jan,8.9,7.5,11.28,10.39,7.83,7.99,7.07,8.11
,Feb,9.46,7.69,11.53,10.83,11.74,13.79,9.65,9.4
,Mar,9.83,7.91,11.72,11.4,12.33,13.46,9.68,9.14
,Apr,10.13,8.15,12.14,11.82,14.25,16.12,11.27,9.12
,May,9.92,7.95,11.64,9.98,11.94,11.68,9.13,9.12
,Jun,8.9,7.64,10.53,10.23,9.51,10.13,7.4,8.64
,Jul,6.72,7.01,6.94,6.77,7.71,8.84,5.15,6.41
,Aug,4.05,3.17,3.88,3.83,5.85,5.63,3.5,3.51
,Sep,3.8,2.57,3.98,3.89,5.09,4.62,2.85,3.13
,Oct,4.08,4.03,5.18,4.98,5.03,4.7,2.79,3.63
,Nov,5.82,5.99,8.02,7.43,5.61,5.24,3.63,4.91
,Dec,7.3,6.74,9.78,9.34,6.31,6.75,4.93,6.23
2008,Jan,8.4,7.29,11.26,10.6,7.79,8.04,7.1,7.56
,Feb,9.05,7.74,11.78,11.34,11.44,13.21,8.53,8.46
,Mar,9.5,7.94,12.53,11.8,13.29,15.58,10.33,9.03
,Apr,10.12,8.09,12.58,12.56,14.34,16.39,11.54,9.07
,May,10.2,7.7,12.57,11.99,12.33,11.83,9.65,9.07
,Jun,8.97,7.2,9.7,9.34,9.72,9.39,6.51,8.66
,Jul,5.74,8.09,4.64,4.83,7.49,7.55,4.64,5.79
,Aug,3.79,6.94,3.66,3.44,6.74,6.33,3.3,3.69
,Sep,4.2,5.06,4.53,4.54,6.17,5.86,3.29,3.68
,Oct,4.75,5.92,6.1,5.5,5.93,5.46,3.31,4.03
,Nov,4.64,9.58,8.6,7.71,6.23,5.59,3.79,5.45
,Dec,5.37,9.27,9.88,9.17,6.68,6.88,4.76,6.05
2009,Jan,8.06,8.05,11.03,10.7,8.01,7.69,6.08,7.13
,Feb,9.28,8.25,11.9,11.74,12.9,14.41,9.89,8.43
,Mar,9.15,8.43,12.63,12.14,14.64,17.17,11.62,9.05
,Apr,10.27,8.63,12.89,12.71,14.54,16.44,12.94,9.07
,May,10.02,8.59,12.73,12.28,12.89,12.6,11.93,9.07
,Jun,9.83,8.51,12.12,11.53,11.43,11.22,9.15,9.07
,Jul,8.71,8.09,7.94,9.1,12.05,12.17,7.83,9.07
,Aug,7.35,6.94,5.79,6.69,9.88,9.95,6.79,8.07
,Sep,5.81,5.06,5.36,5.21,7.5,7.57,3.75,5.41
,Oct,6.29,5.92,6.59,6.28,7.18,7.12,4.09,5.03
,Nov,7.23,7.3,9.13,8.79,7.56,8.08,5.43,6.28
,Dec,8.48,7.94,10.91,10.36,8.42,8.85,6.24,7.04
2010,Jan,9.35,8.24,12.09,11.36,8.81,9.45,7.23,8.13
,Feb,10.05,8.55,12.73,12.33,11.73,12.94,9.48,8.98
,Mar,10.39,8.84,13.29,12.98,14.99,18.52,12.32,9.07
,Apr,11.1,9.03,13.54,13.44,15.54,19.1,13.1,9.07
,May,11.03,9.11,13.24,12.97,14.5,15.71,11.96,9.07
,Jun,10.81,9.23,12.33,12.05,12.84,12.29,10.05,9.07
,Jul,9.34,8.45,8.23,8.71,10.66,11.89,8,9.07
,Aug,7.94,5.84,5.91,6.71,9.62,11.16,7.89,7.91
,Sep,6.5,4.07,4.5,5.11,8.46,8.79,6.8,6.75
,Oct,6.15,4.26,5.67,6.28,7.85,8.04,5.53,6.61
,Nov,7.88,7.08,8.79,8.86,8.85,9.25,7.08,7.81
,Dec,8.75,8.24,10.35,10.15,9.35,9.86,7.85,8.41
2011,Jan,9.62,8.96,11.9,11.44,9.85,10.47,8.62,9.02
,Feb,10.4,9.31,12.72,12.31,13.75,16.36,11.53,10.1
,Mar,10.8,9.67,12.95,12.73,15.16,19.02,12.83,10.81
,Apr,11.12,9.67,13.13,12.75,15,18.61,13.2,11.17
,May,10.82,9.9,12.8,12.41,13.41,14.32,10.67,11.09
,Jun,9.98,9.67,11.86,11.36,12.15,11.21,8.76,10.37
,Jul,9.04,9.03,10.86,10.2,10.96,10.56,8.08,8.68
,Aug,5.16,4.58,5.81,5.05,8.17,8.25,4.34,4.91
,Sep,4.12,2.91,4.28,3.9,7.44,6.94,3.19,3.83
,Oct,5.5,4.26,6.26,6.16,7.11,6.78,2.91,4.17
,Nov,7.21,7.08,8.86,8.38,7.68,7.38,3.58,5.29
,Dec,7.94,8.24,10.01,9.45,8.16,8.55,4.75,6.34
2012,Jan,8.69,8.68,10.81,10.48,9.04,9.4,6.44,7.35
,Feb,9.62,9.2,11.4,11.25,13.3,16.75,9.94,8.63
,Mar,10.26,9.72,12.48,11.93,15.04,18.93,11.6,9.58
,Apr,10.68,9.85,12.61,12.24,15.09,18.56,12.12,9.97
,May,10.8,9.81,12.58,12.25,14.44,16.2,11.55,10.81
,Jun,10.59,9.83,11.92,11.78,13.64,13.91,10.55,10.94
,Jul,8.7,8.07,8.08,8.46,12.54,13.1,8.38,9.35
,Aug,6.9,5.48,3.93,5.93,10.69,11.2,6.64,7.28
,Sep,6.21,4.14,4.4,5.55,10.4,10.02,5.56,5.85
,Oct,6.26,5.26,6.3,6.81,8.85,8.43,4.5,5.18
,Nov,7.86,7.64,8.25,8.76,8.66,8.05,4.19,5.93
,Dec,8.71,8.8,10.08,10.13,8.99,9.1,5.1,6.18
2013,Jan,9.56,9.24,12,11.44,9.46,9.73,5.94,7.6
,Feb,10.18,9.66,12.33,11.84,11.64,12.59,8.4,8.43
,Mar,10.48,9.94,12.29,12.1,15.04,18.71,11.19,9.58
,Apr,11.11,10.05,13.11,12.93,15.44,20.43,13.02,10.69
,May,11.29,10.01,12.95,12.71,15.19,18.69,12.85,10.95
,Jun,10.57,9.84,10.55,11.23,14.55,14.41,10.1,10.23
,Jul,7.88,6.83,6.3,6.94,14.4,14.93,8.81,8.32
,Aug,6.04,3.78,3.93,4.68,13.44,12.94,8.66,6.8
,Sep,5.03,3.81,4.4,4.82,11.51,10.49,5.88,5.48
,Oct,5.46,5.43,6.3,5.75,10.3,9.08,5.15,5.5
,Nov,6.48,6.59,8.25,7.76,9.5,8.48,4.65,5.71
,Dec,8.07,8.57,10.08,9.47,10.12,10.5,6.09,7.14
